UseLife,UseSD,InitRm,Year,OccRm
 15,  0.0,   23,  200,0
 15,  0.0,   23,  201,23
 15,  0.0,   23,  202,23
 15,  0.0,   23,  203,23
 15,  0.0,   23,  204,23
 15,  0.0,   23,  205,23
 15,  0.0,   23,  206,23
 15,  0.0,   23,  207,23
 15,  0.0,   23,  208,23
 15,  0.0,   23,  209,23
 15,  0.0,   23,  210,23
 15,  0.0,   23,  211,23
 15,  0.0,   23,  212,23
 15,  0.0,   23,  213,23
 15,  0.0,   23,  214,23
 15,  0.0,   23,  215,23
 15,  0.0,   23,  216,23
 15,  0.0,   23,  217,23
 15,  0.0,   23,  218,23
 15,  0.0,   23,  219,23
 15,  0.0,   23,  220,23
 15,  0.0,   23,  221,23
 15,  0.0,   23,  222,23
 15,  0.0,   23,  223,23
 15,  0.0,   23,  224,24
 15,  0.0,   23,  225,24
 15,  0.0,   23,  226,24
 15,  0.0,   23,  227,24
 15,  0.0,   23,  228,24
 15,  0.0,   23,  229,24
 15,  0.0,   23,  230,24
 15,  0.0,   23,  231,24
 15,  0.0,   23,  232,24
 15,  0.0,   23,  233,24
 15,  0.0,   23,  234,24
 15,  0.0,   23,  235,24
 15,  0.0,   23,  236,24
 15,  0.0,   23,  237,24
 15,  0.0,   23,  238,24
 15,  0.0,   23,  239,24
 15,  0.0,   23,  240,24
 15,  0.0,   23,  241,24
 15,  0.0,   23,  242,24
 15,  0.0,   23,  243,24
 15,  0.0,   23,  244,24
 15,  0.0,   23,  245,24
 15,  0.0,   23,  246,24
 15,  0.0,   23,  247,24
 15,  0.0,   23,  248,24
 15,  0.0,   23,  249,24
 15,  0.0,   23,  250,24
 15,  0.0,   23,  251,24
 15,  0.0,   23,  252,24
 15,  0.0,   23,  253,24
 15,  0.0,   23,  254,24
 15,  0.0,   23,  255,24
 15,  0.0,   23,  256,24
 15,  0.0,   23,  257,24
 15,  0.0,   23,  258,24
 15,  0.0,   23,  259,24
 15,  0.0,   23,  260,24
 15,  0.0,   23,  261,24
 15,  0.0,   23,  262,24
 15,  0.0,   23,  263,24
 15,  0.0,   23,  264,24
 15,  0.0,   23,  265,24
 15,  0.0,   23,  266,24
 15,  0.0,   23,  267,24
 15,  0.0,   23,  268,24
 15,  0.0,   23,  269,25
 15,  0.0,   23,  270,25
 15,  0.0,   23,  271,25
 15,  0.0,   23,  272,25
 15,  0.0,   23,  273,25
 15,  0.0,   23,  274,25
 15,  0.0,   23,  275,25
 15,  0.0,   23,  276,25
 15,  0.0,   23,  277,25
 15,  0.0,   23,  278,25
 15,  0.0,   23,  279,25
 15,  0.0,   23,  280,25
 15,  0.0,   23,  281,25
 15,  0.0,   23,  282,25
 15,  0.0,   23,  283,25
 15,  0.0,   23,  284,25
 15,  0.0,   23,  285,25
 15,  0.0,   23,  286,25
 15,  0.0,   23,  287,25
 15,  0.0,   23,  288,25
 15,  0.0,   23,  289,25
 15,  0.0,   23,  290,25
 15,  0.0,   23,  291,25
 15,  0.0,   23,  292,25
 15,  0.0,   23,  293,25
 15,  0.0,   23,  294,25
 15,  0.0,   23,  295,25
 15,  0.0,   23,  296,25
 15,  0.0,   23,  297,25
 15,  0.0,   23,  298,25
 15,  0.0,   23,  299,25
 15,  0.0,   23,  300,25
 15,  0.0,   23,  301,25
 15,  0.0,   23,  302,25
 15,  0.0,   23,  303,25
 15,  0.0,   23,  304,25
 15,  0.0,   23,  305,25
 15,  0.0,   23,  306,25
 15,  0.0,   23,  307,25
 15,  0.0,   23,  308,25
 15,  0.0,   23,  309,25
 15,  0.0,   23,  310,25
 15,  0.0,   23,  311,25
 15,  0.0,   23,  312,26
 15,  0.0,   23,  313,26
 15,  0.0,   23,  314,26
 15,  0.0,   23,  315,26
 15,  0.0,   23,  316,26
 15,  0.0,   23,  317,26
 15,  0.0,   23,  318,26
 15,  0.0,   23,  319,26
 15,  0.0,   23,  320,26
 15,  0.0,   23,  321,26
 15,  0.0,   23,  322,26
 15,  0.0,   23,  323,26
 15,  0.0,   23,  324,26
 15,  0.0,   23,  325,26
 15,  0.0,   23,  326,26
 15,  0.0,   23,  327,26
 15,  0.0,   23,  328,26
 15,  0.0,   23,  329,26
 15,  0.0,   23,  330,26
 15,  0.0,   23,  331,26
 15,  0.0,   23,  332,26
 15,  0.0,   23,  333,26
 15,  0.0,   23,  334,26
 15,  0.0,   23,  335,26
 15,  0.0,   23,  336,26
 15,  0.0,   23,  337,26
 15,  0.0,   23,  338,26
 15,  0.0,   23,  339,26
 15,  0.0,   23,  340,26
 15,  0.0,   23,  341,26
 15,  0.0,   23,  342,26
 15,  0.0,   23,  343,26
 15,  0.0,   23,  344,26
 15,  0.0,   23,  345,26
 15,  0.0,   23,  346,26
 15,  0.0,   23,  347,26
 15,  0.0,   23,  348,26
 15,  0.0,   23,  349,26
 15,  0.0,   23,  350,26
 15,  0.0,   23,  351,26
 15,  0.0,   23,  352,26
 15,  0.0,   23,  353,26
 15,  0.0,   23,  354,27
 15,  0.0,   23,  355,27
 15,  0.0,   23,  356,27
 15,  0.0,   23,  357,27
 15,  0.0,   23,  358,27
 15,  0.0,   23,  359,27
 15,  0.0,   23,  360,27
 15,  0.0,   23,  361,27
 15,  0.0,   23,  362,27
 15,  0.0,   23,  363,27
 15,  0.0,   23,  364,27
 15,  0.0,   23,  365,27
 15,  0.0,   23,  366,27
 15,  0.0,   23,  367,27
 15,  0.0,   23,  368,27
 15,  0.0,   23,  369,27
 15,  0.0,   23,  370,27
 15,  0.0,   23,  371,27
 15,  0.0,   23,  372,27
 15,  0.0,   23,  373,27
 15,  0.0,   23,  374,27
 15,  0.0,   23,  375,27
 15,  0.0,   23,  376,27
 15,  0.0,   23,  377,27
 15,  0.0,   23,  378,27
 15,  0.0,   23,  379,27
 15,  0.0,   23,  380,27
 15,  0.0,   23,  381,27
 15,  0.0,   23,  382,27
 15,  0.0,   23,  383,27
 15,  0.0,   23,  384,27
 15,  0.0,   23,  385,27
 15,  0.0,   23,  386,27
 15,  0.0,   23,  387,27
 15,  0.0,   23,  388,27
 15,  0.0,   23,  389,27
 15,  0.0,   23,  390,27
 15,  0.0,   23,  391,27
 15,  0.0,   23,  392,27
 15,  0.0,   23,  393,27
 15,  0.0,   23,  394,28
 15,  0.0,   23,  395,28
 15,  0.0,   23,  396,28
 15,  0.0,   23,  397,28
 15,  0.0,   23,  398,28
 15,  0.0,   23,  399,28
 15,  0.0,   23,  400,28
 15,  0.0,   23,  401,28
 15,  0.0,   23,  402,28
 15,  0.0,   23,  403,28
 15,  0.0,   23,  404,28
 15,  0.0,   23,  405,28
 15,  0.0,   23,  406,28
 15,  0.0,   23,  407,28
 15,  0.0,   23,  408,28
 15,  0.0,   23,  409,28
 15,  0.0,   23,  410,28
 15,  0.0,   23,  411,28
 15,  0.0,   23,  412,28
 15,  0.0,   23,  413,28
 15,  0.0,   23,  414,28
 15,  0.0,   23,  415,28
 15,  0.0,   23,  416,28
 15,  0.0,   23,  417,28
 15,  0.0,   23,  418,28
 15,  0.0,   23,  419,28
 15,  0.0,   23,  420,28
 15,  0.0,   23,  421,28
 15,  0.0,   23,  422,28
 15,  0.0,   23,  423,28
 15,  0.0,   23,  424,28
 15,  0.0,   23,  425,28
 15,  0.0,   23,  426,28
 15,  0.0,   23,  427,28
 15,  0.0,   23,  428,28
 15,  0.0,   23,  429,28
 15,  0.0,   23,  430,28
 15,  0.0,   23,  431,28
 15,  0.0,   23,  432,28
 15,  0.0,   23,  433,29
 15,  0.0,   23,  434,29
 15,  0.0,   23,  435,29
 15,  0.0,   23,  436,29
 15,  0.0,   23,  437,29
 15,  0.0,   23,  438,29
 15,  0.0,   23,  439,29
 15,  0.0,   23,  440,29
 15,  0.0,   23,  441,29
 15,  0.0,   23,  442,29
 15,  0.0,   23,  443,29
 15,  0.0,   23,  444,29
 15,  0.0,   23,  445,29
 15,  0.0,   23,  446,29
 15,  0.0,   23,  447,29
 15,  0.0,   23,  448,29
 15,  0.0,   23,  449,29
 15,  0.0,   23,  450,29
 15,  0.0,   23,  451,29
 15,  0.0,   23,  452,29
 15,  0.0,   23,  453,29
 15,  0.0,   23,  454,29
 15,  0.0,   23,  455,29
 15,  0.0,   23,  456,29
 15,  0.0,   23,  457,29
 15,  0.0,   23,  458,29
 15,  0.0,   23,  459,29
 15,  0.0,   23,  460,29
 15,  0.0,   23,  461,29
 15,  0.0,   23,  462,29
 15,  0.0,   23,  463,29
 15,  0.0,   23,  464,29
 15,  0.0,   23,  465,29
 15,  0.0,   23,  466,29
 15,  0.0,   23,  467,29
 15,  0.0,   23,  468,29
 15,  0.0,   23,  469,29
 15,  0.0,   23,  470,30
 15,  0.0,   23,  471,30
 15,  0.0,   23,  472,30
 15,  0.0,   23,  473,30
 15,  0.0,   23,  474,30
 15,  0.0,   23,  475,30
 15,  0.0,   23,  476,30
 15,  0.0,   23,  477,30
 15,  0.0,   23,  478,30
 15,  0.0,   23,  479,30
 15,  0.0,   23,  480,30
 15,  0.0,   23,  481,30
 15,  0.0,   23,  482,30
 15,  0.0,   23,  483,30
 15,  0.0,   23,  484,30
 15,  0.0,   23,  485,30
 15,  0.0,   23,  486,30
 15,  0.0,   23,  487,30
 15,  0.0,   23,  488,30
 15,  0.0,   23,  489,30
 15,  0.0,   23,  490,30
 15,  0.0,   23,  491,30
 15,  0.0,   23,  492,30
 15,  0.0,   23,  493,30
 15,  0.0,   23,  494,30
 15,  0.0,   23,  495,30
 15,  0.0,   23,  496,30
 15,  0.0,   23,  497,30
 15,  0.0,   23,  498,30
 15,  0.0,   23,  499,30
 15,  0.0,   23,  500,30
 15,  0.0,   23,  501,30
 15,  0.0,   23,  502,30
 15,  0.0,   23,  503,30
 15,  0.0,   23,  504,30
 15,  0.0,   23,  505,30
 15,  0.0,   23,  506,31
 15,  0.0,   23,  507,31
 15,  0.0,   23,  508,31
 15,  0.0,   23,  509,31
 15,  0.0,   23,  510,31
 15,  0.0,   23,  511,31
 15,  0.0,   23,  512,31
 15,  0.0,   23,  513,31
 15,  0.0,   23,  514,31
 15,  0.0,   23,  515,31
 15,  0.0,   23,  516,31
 15,  0.0,   23,  517,31
 15,  0.0,   23,  518,31
 15,  0.0,   23,  519,31
 15,  0.0,   23,  520,31
 15,  0.0,   23,  521,31
 15,  0.0,   23,  522,31
 15,  0.0,   23,  523,31
 15,  0.0,   23,  524,31
 15,  0.0,   23,  525,31
 15,  0.0,   23,  526,31
 15,  0.0,   23,  527,31
 15,  0.0,   23,  528,31
 15,  0.0,   23,  529,31
 15,  0.0,   23,  530,31
 15,  0.0,   23,  531,31
 15,  0.0,   23,  532,31
 15,  0.0,   23,  533,31
 15,  0.0,   23,  534,31
 15,  0.0,   23,  535,31
 15,  0.0,   23,  536,31
 15,  0.0,   23,  537,31
 15,  0.0,   23,  538,31
 15,  0.0,   23,  539,31
 15,  0.0,   23,  540,31
 15,  0.0,   23,  541,32
 15,  0.0,   23,  542,32
 15,  0.0,   23,  543,32
 15,  0.0,   23,  544,32
 15,  0.0,   23,  545,32
 15,  0.0,   23,  546,32
 15,  0.0,   23,  547,32
 15,  0.0,   23,  548,32
 15,  0.0,   23,  549,32
 15,  0.0,   23,  550,32
 15,  0.0,   23,  551,32
 15,  0.0,   23,  552,32
 15,  0.0,   23,  553,32
 15,  0.0,   23,  554,32
 15,  0.0,   23,  555,32
 15,  0.0,   23,  556,32
 15,  0.0,   23,  557,32
 15,  0.0,   23,  558,32
 15,  0.0,   23,  559,32
 15,  0.0,   23,  560,32
 15,  0.0,   23,  561,32
 15,  0.0,   23,  562,32
 15,  0.0,   23,  563,32
 15,  0.0,   23,  564,32
 15,  0.0,   23,  565,32
 15,  0.0,   23,  566,32
 15,  0.0,   23,  567,32
 15,  0.0,   23,  568,32
 15,  0.0,   23,  569,32
 15,  0.0,   23,  570,32
 15,  0.0,   23,  571,32
 15,  0.0,   23,  572,33
 15,  0.0,   23,  573,33
 15,  0.0,   23,  574,33
 15,  0.0,   23,  575,33
 15,  0.0,   23,  576,33
 15,  0.0,   23,  577,33
 15,  0.0,   23,  578,33
 15,  0.0,   23,  579,33
 15,  0.0,   23,  580,33
 15,  0.0,   23,  581,33
 15,  0.0,   23,  582,33
 15,  0.0,   23,  583,33
 15,  0.0,   23,  584,33
 15,  0.0,   23,  585,33
 15,  0.0,   23,  586,33
 15,  0.0,   23,  587,33
 15,  0.0,   23,  588,33
 15,  0.0,   23,  589,33
 15,  0.0,   23,  590,33
 15,  0.0,   23,  591,33
 15,  0.0,   23,  592,33
 15,  0.0,   23,  593,33
 15,  0.0,   23,  594,33
 15,  0.0,   23,  595,33
 15,  0.0,   23,  596,33
 15,  0.0,   23,  597,33
 15,  0.0,   23,  598,33
 15,  0.0,   23,  599,33
 15,  0.0,   23,  600,33
 15,  0.0,   23,  601,34
 15,  0.0,   23,  602,34
 15,  0.0,   23,  603,34
 15,  0.0,   23,  604,34
 15,  0.0,   23,  605,34
 15,  0.0,   23,  606,34
 15,  0.0,   23,  607,34
 15,  0.0,   23,  608,34
 15,  0.0,   23,  609,34
 15,  0.0,   23,  610,34
 15,  0.0,   23,  611,34
 15,  0.0,   23,  612,34
 15,  0.0,   23,  613,34
 15,  0.0,   23,  614,34
 15,  0.0,   23,  615,34
 15,  0.0,   23,  616,34
 15,  0.0,   23,  617,34
 15,  0.0,   23,  618,34
 15,  0.0,   23,  619,34
 15,  0.0,   23,  620,34
 15,  0.0,   23,  621,34
 15,  0.0,   23,  622,34
 15,  0.0,   23,  623,34
 15,  0.0,   23,  624,34
 15,  0.0,   23,  625,34
 15,  0.0,   23,  626,34
 15,  0.0,   23,  627,34
 15,  0.0,   23,  628,34
 15,  0.0,   23,  629,34
 15,  0.0,   23,  630,35
 15,  0.0,   23,  631,35
 15,  0.0,   23,  632,35
 15,  0.0,   23,  633,35
 15,  0.0,   23,  634,35
 15,  0.0,   23,  635,35
 15,  0.0,   23,  636,35
 15,  0.0,   23,  637,35
 15,  0.0,   23,  638,35
 15,  0.0,   23,  639,35
 15,  0.0,   23,  640,35
 15,  0.0,   23,  641,35
 15,  0.0,   23,  642,35
 15,  0.0,   23,  643,35
 15,  0.0,   23,  644,35
 15,  0.0,   23,  645,35
 15,  0.0,   23,  646,35
 15,  0.0,   23,  647,35
 15,  0.0,   23,  648,35
 15,  0.0,   23,  649,35
 15,  0.0,   23,  650,35
 15,  0.0,   23,  651,35
 15,  0.0,   23,  652,35
 15,  0.0,   23,  653,35
 15,  0.0,   23,  654,35
 15,  0.0,   23,  655,35
 15,  0.0,   23,  656,35
 15,  0.0,   23,  657,36
 15,  0.0,   23,  658,36
 15,  0.0,   23,  659,36
 15,  0.0,   23,  660,36
 15,  0.0,   23,  661,36
 15,  0.0,   23,  662,36
 15,  0.0,   23,  663,36
 15,  0.0,   23,  664,36
 15,  0.0,   23,  665,36
 15,  0.0,   23,  666,36
 15,  0.0,   23,  667,36
 15,  0.0,   23,  668,36
 15,  0.0,   23,  669,36
 15,  0.0,   23,  670,36
 15,  0.0,   23,  671,36
 15,  0.0,   23,  672,36
 15,  0.0,   23,  673,36
 15,  0.0,   23,  674,36
 15,  0.0,   23,  675,36
 15,  0.0,   23,  676,36
 15,  0.0,   23,  677,36
 15,  0.0,   23,  678,36
 15,  0.0,   23,  679,36
 15,  0.0,   23,  680,36
 15,  0.0,   23,  681,36
 15,  0.0,   23,  682,36
 15,  0.0,   23,  683,36
 15,  0.0,   23,  684,37
 15,  0.0,   23,  685,37
 15,  0.0,   23,  686,37
 15,  0.0,   23,  687,37
 15,  0.0,   23,  688,37
 15,  0.0,   23,  689,37
 15,  0.0,   23,  690,37
 15,  0.0,   23,  691,37
 15,  0.0,   23,  692,37
 15,  0.0,   23,  693,37
 15,  0.0,   23,  694,37
 15,  0.0,   23,  695,37
 15,  0.0,   23,  696,37
 15,  0.0,   23,  697,37
 15,  0.0,   23,  698,37
 15,  0.0,   23,  699,37
 15,  0.0,   23,  700,37
 15,  0.0,   23,  701,37
 15,  0.0,   23,  702,37
 15,  0.0,   23,  703,37
 15,  0.0,   23,  704,37
 15,  0.0,   23,  705,37
 15,  0.0,   23,  706,37
 15,  0.0,   23,  707,37
 15,  0.0,   23,  708,37
 15,  0.0,   23,  709,37
 15,  0.0,   23,  710,38
 15,  0.0,   23,  711,38
 15,  0.0,   23,  712,38
 15,  0.0,   23,  713,38
 15,  0.0,   23,  714,38
 15,  0.0,   23,  715,38
 15,  0.0,   23,  716,38
 15,  0.0,   23,  717,38
 15,  0.0,   23,  718,38
 15,  0.0,   23,  719,38
 15,  0.0,   23,  720,38
 15,  0.0,   23,  721,38
 15,  0.0,   23,  722,38
 15,  0.0,   23,  723,38
 15,  0.0,   23,  724,38
 15,  0.0,   23,  725,38
 15,  0.0,   23,  726,38
 15,  0.0,   23,  727,38
 15,  0.0,   23,  728,38
 15,  0.0,   23,  729,38
 15,  0.0,   23,  730,38
 15,  0.0,   23,  731,38
 15,  0.0,   23,  732,38
 15,  0.0,   23,  733,38
 15,  0.0,   23,  734,38
 15,  0.0,   23,  735,38
 15,  0.0,   23,  736,39
 15,  0.0,   23,  737,39
 15,  0.0,   23,  738,39
 15,  0.0,   23,  739,39
 15,  0.0,   23,  740,39
 15,  0.0,   23,  741,39
 15,  0.0,   23,  742,39
 15,  0.0,   23,  743,39
 15,  0.0,   23,  744,39
 15,  0.0,   23,  745,39
 15,  0.0,   23,  746,39
 15,  0.0,   23,  747,39
 15,  0.0,   23,  748,39
 15,  0.0,   23,  749,39
 15,  0.0,   23,  750,39
 15,  0.0,   23,  751,39
 15,  0.0,   23,  752,39
 15,  0.0,   23,  753,39
 15,  0.0,   23,  754,39
 15,  0.0,   23,  755,39
 15,  0.0,   23,  756,39
 15,  0.0,   23,  757,39
 15,  0.0,   23,  758,39
 15,  0.0,   23,  759,39
 15,  0.0,   23,  760,40
 15,  0.0,   23,  761,40
 15,  0.0,   23,  762,40
 15,  0.0,   23,  763,40
 15,  0.0,   23,  764,40
 15,  0.0,   23,  765,40
 15,  0.0,   23,  766,40
 15,  0.0,   23,  767,40
 15,  0.0,   23,  768,40
 15,  0.0,   23,  769,40
 15,  0.0,   23,  770,40
 15,  0.0,   23,  771,40
 15,  0.0,   23,  772,40
 15,  0.0,   23,  773,40
 15,  0.0,   23,  774,40
 15,  0.0,   23,  775,40
 15,  0.0,   23,  776,40
 15,  0.0,   23,  777,40
 15,  0.0,   23,  778,40
 15,  0.0,   23,  779,40
 15,  0.0,   23,  780,40
 15,  0.0,   23,  781,40
 15,  0.0,   23,  782,40
 15,  0.0,   23,  783,40
 15,  0.0,   23,  784,40
 15,  0.0,   23,  785,41
 15,  0.0,   23,  786,41
 15,  0.0,   23,  787,41
 15,  0.0,   23,  788,41
 15,  0.0,   23,  789,41
 15,  0.0,   23,  790,41
 15,  0.0,   23,  791,41
 15,  0.0,   23,  792,41
 15,  0.0,   23,  793,41
 15,  0.0,   23,  794,41
 15,  0.0,   23,  795,41
 15,  0.0,   23,  796,41
 15,  0.0,   23,  797,41
 15,  0.0,   23,  798,41
 15,  0.0,   23,  799,41
 15,  0.0,   23,  800,41
 15,  0.0,   23,  801,41
 15,  0.0,   23,  802,41
 15,  0.0,   23,  803,41
 15,  0.0,   23,  804,41
 15,  0.0,   23,  805,41
 15,  0.0,   23,  806,41
 15,  0.0,   23,  807,41
 15,  0.0,   23,  808,42
 15,  0.0,   23,  809,42
 15,  0.0,   23,  810,42
 15,  0.0,   23,  811,42
 15,  0.0,   23,  812,42
 15,  0.0,   23,  813,42
 15,  0.0,   23,  814,42
 15,  0.0,   23,  815,42
 15,  0.0,   23,  816,42
 15,  0.0,   23,  817,42
 15,  0.0,   23,  818,42
 15,  0.0,   23,  819,42
 15,  0.0,   23,  820,42
 15,  0.0,   23,  821,42
 15,  0.0,   23,  822,42
 15,  0.0,   23,  823,42
 15,  0.0,   23,  824,42
 15,  0.0,   23,  825,42
 15,  0.0,   23,  826,42
 15,  0.0,   23,  827,42
 15,  0.0,   23,  828,42
 15,  0.0,   23,  829,42
 15,  0.0,   23,  830,42
 15,  0.0,   23,  831,43
 15,  0.0,   23,  832,43
 15,  0.0,   23,  833,43
 15,  0.0,   23,  834,43
 15,  0.0,   23,  835,43
 15,  0.0,   23,  836,43
 15,  0.0,   23,  837,43
 15,  0.0,   23,  838,43
 15,  0.0,   23,  839,43
 15,  0.0,   23,  840,43
 15,  0.0,   23,  841,43
 15,  0.0,   23,  842,43
 15,  0.0,   23,  843,43
 15,  0.0,   23,  844,43
 15,  0.0,   23,  845,43
 15,  0.0,   23,  846,43
 15,  0.0,   23,  847,43
 15,  0.0,   23,  848,43
 15,  0.0,   23,  849,43
 15,  0.0,   23,  850,43
 15,  0.0,   23,  851,43
 15,  0.0,   23,  852,43
 15,  0.0,   23,  853,43
 15,  0.0,   23,  854,44
 15,  0.0,   23,  855,44
 15,  0.0,   23,  856,44
 15,  0.0,   23,  857,44
 15,  0.0,   23,  858,44
 15,  0.0,   23,  859,44
 15,  0.0,   23,  860,44
 15,  0.0,   23,  861,44
 15,  0.0,   23,  862,44
 15,  0.0,   23,  863,44
 15,  0.0,   23,  864,44
 15,  0.0,   23,  865,44
 15,  0.0,   23,  866,44
 15,  0.0,   23,  867,44
 15,  0.0,   23,  868,44
 15,  0.0,   23,  869,44
 15,  0.0,   23,  870,44
 15,  0.0,   23,  871,44
 15,  0.0,   23,  872,44
 15,  0.0,   23,  873,44
 15,  0.0,   23,  874,44
 15,  0.0,   23,  875,44
 15,  0.0,   23,  876,45
 15,  0.0,   23,  877,45
 15,  0.0,   23,  878,45
 15,  0.0,   23,  879,45
 15,  0.0,   23,  880,45
 15,  0.0,   23,  881,45
 15,  0.0,   23,  882,45
 15,  0.0,   23,  883,45
 15,  0.0,   23,  884,45
 15,  0.0,   23,  885,45
 15,  0.0,   23,  886,45
 15,  0.0,   23,  887,45
 15,  0.0,   23,  888,45
 15,  0.0,   23,  889,45
 15,  0.0,   23,  890,45
 15,  0.0,   23,  891,45
 15,  0.0,   23,  892,45
 15,  0.0,   23,  893,45
 15,  0.0,   23,  894,45
 15,  0.0,   23,  895,45
 15,  0.0,   23,  896,45
 15,  0.0,   23,  897,46
 15,  0.0,   23,  898,46
 15,  0.0,   23,  899,46
 15,  0.0,   23,  900,46
 15,  0.0,   23,  901,46
 15,  0.0,   23,  902,46
 15,  0.0,   23,  903,46
 15,  0.0,   23,  904,46
 15,  0.0,   23,  905,46
 15,  0.0,   23,  906,46
 15,  0.0,   23,  907,46
 15,  0.0,   23,  908,46
 15,  0.0,   23,  909,46
 15,  0.0,   23,  910,46
 15,  0.0,   23,  911,46
 15,  0.0,   23,  912,46
 15,  0.0,   23,  913,46
 15,  0.0,   23,  914,46
 15,  0.0,   23,  915,46
 15,  0.0,   23,  916,46
 15,  0.0,   23,  917,46
 15,  0.0,   23,  918,47
 15,  0.0,   23,  919,47
 15,  0.0,   23,  920,47
 15,  0.0,   23,  921,47
 15,  0.0,   23,  922,47
 15,  0.0,   23,  923,47
 15,  0.0,   23,  924,47
 15,  0.0,   23,  925,47
 15,  0.0,   23,  926,47
 15,  0.0,   23,  927,47
 15,  0.0,   23,  928,47
 15,  0.0,   23,  929,47
 15,  0.0,   23,  930,47
 15,  0.0,   23,  931,47
 15,  0.0,   23,  932,47
 15,  0.0,   23,  933,47
 15,  0.0,   23,  934,47
 15,  0.0,   23,  935,47
 15,  0.0,   23,  936,47
 15,  0.0,   23,  937,47
 15,  0.0,   23,  938,47
 15,  0.0,   23,  939,48
 15,  0.0,   23,  940,48
 15,  0.0,   23,  941,48
 15,  0.0,   23,  942,48
 15,  0.0,   23,  943,48
 15,  0.0,   23,  944,48
 15,  0.0,   23,  945,48
 15,  0.0,   23,  946,48
 15,  0.0,   23,  947,48
 15,  0.0,   23,  948,48
 15,  0.0,   23,  949,48
 15,  0.0,   23,  950,48
 15,  0.0,   23,  951,48
 15,  0.0,   23,  952,48
 15,  0.0,   23,  953,48
 15,  0.0,   23,  954,48
 15,  0.0,   23,  955,48
 15,  0.0,   23,  956,48
 15,  0.0,   23,  957,48
 15,  0.0,   23,  958,48
 15,  0.0,   23,  959,49
 15,  0.0,   23,  960,49
 15,  0.0,   23,  961,49
 15,  0.0,   23,  962,49
 15,  0.0,   23,  963,49
 15,  0.0,   23,  964,49
 15,  0.0,   23,  965,49
 15,  0.0,   23,  966,49
 15,  0.0,   23,  967,49
 15,  0.0,   23,  968,49
 15,  0.0,   23,  969,49
 15,  0.0,   23,  970,49
 15,  0.0,   23,  971,49
 15,  0.0,   23,  972,49
 15,  0.0,   23,  973,49
 15,  0.0,   23,  974,49
 15,  0.0,   23,  975,49
 15,  0.0,   23,  976,49
 15,  0.0,   23,  977,49
 15,  0.0,   23,  978,50
 15,  0.0,   23,  979,50
 15,  0.0,   23,  980,50
 15,  0.0,   23,  981,50
 15,  0.0,   23,  982,50
 15,  0.0,   23,  983,50
 15,  0.0,   23,  984,50
 15,  0.0,   23,  985,50
 15,  0.0,   23,  986,50
 15,  0.0,   23,  987,50
 15,  0.0,   23,  988,50
 15,  0.0,   23,  989,50
 15,  0.0,   23,  990,50
 15,  0.0,   23,  991,50
 15,  0.0,   23,  992,50
 15,  0.0,   23,  993,50
 15,  0.0,   23,  994,50
 15,  0.0,   23,  995,50
 15,  0.0,   23,  996,50
 15,  0.0,   23,  997,50
 15,  0.0,   23,  998,51
 15,  0.0,   23,  999,51
 15,  0.0,   23, 1000,51
 15,  0.0,   23, 1001,52
 15,  0.0,   23, 1002,53
 15,  0.0,   23, 1003,54
 15,  0.0,   23, 1004,55
 15,  0.0,   23, 1005,57
 15,  0.0,   23, 1006,58
 15,  0.0,   23, 1007,59
 15,  0.0,   23, 1008,60
 15,  0.0,   23, 1009,62
 15,  0.0,   23, 1010,63
 15,  0.0,   23, 1011,65
 15,  0.0,   23, 1012,66
 15,  0.0,   23, 1013,68
 15,  0.0,   23, 1014,69
 15,  0.0,   23, 1015,71
 15,  0.0,   23, 1016,72
 15,  0.0,   23, 1017,74
 15,  0.0,   23, 1018,76
 15,  0.0,   23, 1019,77
 15,  0.0,   23, 1020,79
 15,  0.0,   23, 1021,81
 15,  0.0,   23, 1022,83
 15,  0.0,   23, 1023,84
 15,  0.0,   23, 1024,86
 15,  0.0,   23, 1025,88
 15,  0.0,   23, 1026,90
 15,  0.0,   23, 1027,92
 15,  0.0,   23, 1028,94
 15,  0.0,   23, 1029,96
 15,  0.0,   23, 1030,99
 15,  0.0,   23, 1031,101
 15,  0.0,   23, 1032,103
 15,  0.0,   23, 1033,105
 15,  0.0,   23, 1034,108
 15,  0.0,   23, 1035,110
 15,  0.0,   23, 1036,113
 15,  0.0,   23, 1037,115
 15,  0.0,   23, 1038,118
 15,  0.0,   23, 1039,120
 15,  0.0,   23, 1040,123
 15,  0.0,   23, 1041,126
 15,  0.0,   23, 1042,129
 15,  0.0,   23, 1043,132
 15,  0.0,   23, 1044,135
 15,  0.0,   23, 1045,138
 15,  0.0,   23, 1046,141
 15,  0.0,   23, 1047,144
 15,  0.0,   23, 1048,147
 15,  0.0,   23, 1049,150
 15,  0.0,   23, 1050,154
 15,  0.0,   23, 1051,157
 15,  0.0,   23, 1052,161
 15,  0.0,   23, 1053,164
 15,  0.0,   23, 1054,168
 15,  0.0,   23, 1055,172
 15,  0.0,   23, 1056,176
 15,  0.0,   23, 1057,180
 15,  0.0,   23, 1058,184
 15,  0.0,   23, 1059,188
 15,  0.0,   23, 1060,192
 15,  0.0,   23, 1061,196
 15,  0.0,   23, 1062,201
 15,  0.0,   23, 1063,205
 15,  0.0,   23, 1064,210
 15,  0.0,   23, 1065,215
 15,  0.0,   23, 1066,219
 15,  0.0,   23, 1067,224
 15,  0.0,   23, 1068,229
 15,  0.0,   23, 1069,235
 15,  0.0,   23, 1070,240
 15,  0.0,   23, 1071,245
 15,  0.0,   23, 1072,251
 15,  0.0,   23, 1073,256
 15,  0.0,   23, 1074,262
 15,  0.0,   23, 1075,268
 15,  0.0,   23, 1076,274
 15,  0.0,   23, 1077,280
 15,  0.0,   23, 1078,286
 15,  0.0,   23, 1079,293
 15,  0.0,   23, 1080,299
 15,  0.0,   23, 1081,306
 15,  0.0,   23, 1082,313
 15,  0.0,   23, 1083,320
 15,  0.0,   23, 1084,327
 15,  0.0,   23, 1085,335
 15,  0.0,   23, 1086,342
 15,  0.0,   23, 1087,350
 15,  0.0,   23, 1088,358
 15,  0.0,   23, 1089,366
 15,  0.0,   23, 1090,374
 15,  0.0,   23, 1091,382
 15,  0.0,   23, 1092,391
 15,  0.0,   23, 1093,400
 15,  0.0,   23, 1094,409
 15,  0.0,   23, 1095,418
 15,  0.0,   23, 1096,427
 15,  0.0,   23, 1097,437
 15,  0.0,   23, 1098,447
 15,  0.0,   23, 1099,457
 15,  0.0,   23, 1100,467
 15,  0.0,   23, 1101,477
 15,  0.0,   23, 1102,488
 15,  0.0,   23, 1103,499
 15,  0.0,   23, 1104,510
 15,  0.0,   23, 1105,522
 15,  0.0,   23, 1106,534
 15,  0.0,   23, 1107,545
 15,  0.0,   23, 1108,558
 15,  0.0,   23, 1109,570
 15,  0.0,   23, 1110,583
 15,  0.0,   23, 1111,596
 15,  0.0,   23, 1112,610
 15,  0.0,   23, 1113,623
 15,  0.0,   23, 1114,637
 15,  0.0,   23, 1115,652
 15,  0.0,   23, 1116,666
 15,  0.0,   23, 1117,681
 15,  0.0,   23, 1118,696
 15,  0.0,   23, 1119,712
 15,  0.0,   23, 1120,728
 15,  0.0,   23, 1121,744
 15,  0.0,   23, 1122,761
 15,  0.0,   23, 1123,778
 15,  0.0,   23, 1124,796
 15,  0.0,   23, 1125,814
 15,  0.0,   23, 1126,832
 15,  0.0,   23, 1127,851
 15,  0.0,   23, 1128,870
 15,  0.0,   23, 1129,889
 15,  0.0,   23, 1130,909
 15,  0.0,   23, 1131,930
 15,  0.0,   23, 1132,951
 15,  0.0,   23, 1133,972
 15,  0.0,   23, 1134,994
 15,  0.0,   23, 1135,1016
 15,  0.0,   23, 1136,1039
 15,  0.0,   23, 1137,1062
 15,  0.0,   23, 1138,1086
 15,  0.0,   23, 1139,1110
 15,  0.0,   23, 1140,1135
 15,  0.0,   23, 1141,1161
 15,  0.0,   23, 1142,1187
 15,  0.0,   23, 1143,1214
 15,  0.0,   23, 1144,1241
 15,  0.0,   23, 1145,1269
 15,  0.0,   23, 1146,1297
 15,  0.0,   23, 1147,1326
 15,  0.0,   23, 1148,1356
 15,  0.0,   23, 1149,1387
 15,  0.0,   23, 1150,1418
